RSA,NOTAM,REMARK,MNM FL,MAX FL,WEF,UNT,FUA/EU RS,FIR,UIR
EBR04,,,000,105,13:30,16:00,EBR04R,"EBBU, EDGG",
ECNPZ1,,,315,660,13:30,06:00,ECNPZ1R,,
ECNPZ2,,,095,660,13:30,06:00,ECNPZ2R,,
ECNPZ3,,,095,660,13:30,06:00,ECNPZ3R,,
EDD100Z,,,055,375,13:30,14:15,EDD100ZR,,
EDD19AZ,,,000,425,13:30,16:45,EDD19AZR,,
EDD28Z,,,000,415,13:30,15:45,EDD28ZR,,
EDD44Z,,,000,375,13:30,14:00,EDD44ZR,,
EDD46Z,,,000,375,13:30,14:00,EDD46ZR,,
EDNPZ1,,,285,660,13:30,06:00,EDNPZ1R,,
EDNPZ2,,,285,660,13:30,06:00,EDNPZ2R,,
EDNPZ3,,,025,660,13:30,06:00,EDNPZ3R,,
EDNPZ4,,,245,660,13:30,06:00,EDNPZ4R,,
EDR107CZ,,,095,215,13:30,14:00,EDR107CZR,,
EDR107CZ,,,095,215,13:30,16:00,EDR107CZR,,
EDR107CZ,,,095,215,17:50,20:30,EDR107CZR,,
EDR107WZ,,,095,215,13:30,14:00,EDR107WZR,,
EDR107WZ,,,095,215,13:30,16:00,EDR107WZR,,
EDR107WZ,,,095,215,18:15,20:30,EDR107WZR,,
EDR10AZ,,,000,425,13:30,16:45,EDR10AZR,,
EDR10BZ,,,000,425,13:30,16:45,EDR10BZR,,
EDR11BZ,,,000,415,13:30,15:45,EDR11BZR,,
EDR136AZ,,,000,115,13:30,22:00,EDR136AZR,,
EDR136AZ,,,000,315,13:30,23:00,EDR136AZR,,
EDR136AZ,,,000,265,19:00,21:00,EDR136AZR,,
EDR136AZ,,,000,115,23:00,23:59,EDR136AZR,,
EDR136AZ,,,000,115,00:00,06:00,EDR136AZR,,
EDR137AZ,,,000,095,13:30,23:59,EDR137AZR,,
EDR137AZ,,,000,095,00:00,06:00,EDR137AZR,,
EDR171Z,,,245,660,13:30,15:15,EDR171ZR,,
EDR201AZ,,,075,245,13:30,14:30,EDR201AZR,,
EDR201BZ,,,075,245,13:30,14:30,EDR201BZR,,
EDR201CZ,,,075,245,13:30,14:30,EDR201CZR,,
EDR201DZ,,,075,245,13:30,15:30,EDR201DZR,,
EDR201DZ,,,095,245,18:00,20:00,EDR201DZR,,
EDR201EZ,,,075,245,13:30,15:30,EDR201EZR,,
EDR201EZ,,,095,245,18:00,20:00,EDR201EZR,,
EDR202AZ,,,075,245,13:30,14:15,EDR202AZR,,
EDR202AZ,,,095,245,18:30,20:30,EDR202AZR,,
EDR202BZ,,,075,245,13:30,14:15,EDR202BZR,,
EDR202BZ,,,095,245,18:30,20:30,EDR202BZR,,
EDR202CZ,,,075,245,13:30,14:15,EDR202CZR,,
EDR202CZ,,,095,245,18:30,20:30,EDR202CZR,,
EDR202DZ,,,075,245,13:30,14:00,EDR202DZR,,
EDR202DZ,,,125,245,14:00,14:15,EDR202DZR,,
EDR202DZ,,,075,125,14:00,15:00,EDR202DZR,,
EDR202DZ,,,095,245,18:30,20:30,EDR202DZR,,
EDR205AZ,,,095,245,13:30,15:15,"EDR205AZRC, EDR205AZRA, EDR205AZRB",,
EDR205AZ,,,095,245,14:30,16:30,"EDR205AZRC, EDR205AZRA, EDR205AZRB",,
EDR205BZ,,,095,135,13:30,14:30,"EDR205BZRC, EDR205BZRD, EDR205BZRB, EDR205BZRA",,
EDR205BZ,,,130,245,13:30,14:30,"EDR205BZRC, EDR205BZRA, EDR205BZRB, EDR205BZRD",,
EDR205BZ,,,095,245,13:45,15:15,"EDR205BZRC, EDR205BZRB, EDR205BZRA, EDR205BZRD",,
EDR205BZ,,,095,245,14:30,16:30,"EDR205BZRB, EDR205BZRD, EDR205BZRA, EDR205BZRC",,
EDR205BZ,,,095,245,18:45,20:30,"EDR205BZRA, EDR205BZRB, EDR205BZRC, EDR205BZRD",,
EDR205CZ,,,095,135,13:30,14:30,"EDR205CZRA, EDR205CZRC, EDR205CZRB",,
EDR205CZ,,,130,245,13:30,14:30,"EDR205CZRC, EDR205CZRA, EDR205CZRB",,
EDR205CZ,,,095,245,13:45,15:15,"EDR205CZRA, EDR205CZRC, EDR205CZRB",,
EDR205CZ,,,095,245,14:30,16:30,"EDR205CZRC, EDR205CZRB, EDR205CZRA",,
EDR205CZ,,,095,245,18:45,20:30,"EDR205CZRC, EDR205CZRA, EDR205CZRB",,
EDR205DZ,,,095,245,13:30,15:15,EDR205DZR,,
EDR205DZ,,,095,245,14:30,16:30,EDR205DZR,,
EDR207CZ,,,215,325,13:30,14:00,EDR207CZR,,
EDR207CZ,,,215,325,13:30,16:00,EDR207CZR,,
EDR207CZ,,,215,325,18:15,20:30,EDR207CZR,,
EDR207SZ,,,215,325,13:30,16:00,EDR207SZR,,
EDR207SZ,,,215,325,18:15,20:30,EDR207SZR,,
EDR207WZ,,,215,245,13:30,16:00,EDR207WZR,,
EDR207WZ,,,215,245,18:15,20:30,EDR207WZR,,
EDR302Z,,,245,660,18:00,21:00,"EDR302ZRA, EDR302ZRB, EDR302ZRC, EDR302ZRD",,
EDR305Z,,,245,660,13:30,16:30,EDR305ZR,,
EDR307CZ,,,305,365,13:30,20:45,EDR307CZR,,
EDR308FZ,,,285,365,13:30,14:00,EDR308FZR,,
EDR31Z,,,000,075,13:30,16:00,EDR31ZR,,
EDR31Z,,,000,155,13:30,16:00,EDR31ZR,,
EDR32AZ,,,000,105,13:30,16:00,EDR32AZR,,
EDR33AZ,,,000,265,13:30,17:15,EDR33AZR,,
EDR34AZ,,,000,325,13:30,16:15,EDR34AZR,,
EDR34AZ,,,000,325,13:30,16:15,EDR34AZR,,
EDR401FZ,,,095,660,13:30,16:00,EDR401FZS,,
EDR407CZ,,,345,660,13:30,20:45,EDR407CZR,,
EDR73AZ,,,000,055,13:30,15:30,EDR73AZR,,
EDR73AZ,,,000,055,05:45,06:00,EDR73AZR,,
EDR76AZ,,,000,155,13:30,16:00,EDR76AZR,,
EDR76BZ,,,000,065,13:30,16:00,EDR76BZR,,
EDR95AZ,,,000,075,13:30,16:00,EDR95AZR,,
EDR95AZ,,,000,095,13:30,16:00,EDR95AZR,,
EETSA15BZ,,,095,305,05:45,06:00,"EETSA15BZR, EETSA15BZS",,
EETSA15CZ,,,095,305,05:45,06:00,"EETSA15CZR, EETSA15CZS",,
EFTSAH02Z,,,030,660,16:00,17:15,EFTSAH02ZR,EFIN,EFIN
EFTSAH03Z,,,030,660,16:00,17:15,EFTSAH03ZR,EFIN,EFIN
EFTSAH05Z,,,030,660,16:00,17:15,EFTSAH05ZR,EFIN,EFIN
EFTSAH06Z,,,030,660,16:00,17:15,EFTSAH06ZR,EFIN,EFIN
EFTSAH07Z,,,030,660,16:00,17:15,EFTSAH07ZR,EFIN,EFIN
EFTSAH08Z,,,030,660,16:00,17:15,EFTSAH08ZR,EFIN,EFIN
EFTSAH10Z,,,030,660,16:00,17:15,EFTSAH10ZR,EFIN,EFIN
EFTSAH12Z,,,030,660,16:00,17:15,EFTSAH12ZR,EFIN,EFIN
EFTSAH13Z,,,030,660,16:00,17:15,EFTSAH13ZR,EFIN,EFIN
EFTSAH51Z,,,030,510,13:30,18:00,EFTSAH51ZR,EFIN,EFIN
EFTSAN20Z,,,020,510,13:30,18:00,EFTSAN20ZR,EFIN,EFIN
EFTSAN21Z,,,020,510,13:30,18:00,EFTSAN21ZR,EFIN,EFIN
EFTSAN26Z,,,030,510,13:30,18:00,EFTSAN26ZR,EFIN,EFIN
EFTSAN27Z,,,030,510,13:30,18:00,EFTSAN27ZR,EFIN,EFIN
EFTSAN28Z,,,030,510,13:30,18:00,EFTSAN28ZR,EFIN,EFIN
EFTSAN29Z,,,030,510,13:30,18:00,EFTSAN29ZR,EFIN,EFIN
EFTSAV02Z,,,030,510,13:30,18:00,EFTSAV02ZR,"EFIN, ULLL",EFIN
EFTSAV03Z,,,030,510,13:30,18:00,EFTSAV03ZR,EFIN,EFIN
EFTSAV04Z,,,030,510,13:30,18:00,EFTSAV04ZR,EFIN,EFIN
EFTSAV10Z,,,030,300,13:30,18:00,EFTSAV10ZR,EFIN,EFIN
EFTSAV11Z,,,030,300,13:30,18:00,EFTSAV11ZR,EFIN,EFIN
EFTSAV12Z,,,030,510,13:30,18:00,EFTSAV12ZR,EFIN,EFIN
EFTSAV13Z,,,030,510,13:30,18:00,EFTSAV13ZR,EFIN,EFIN
EFTSAV14Z,,,020,510,13:30,18:00,EFTSAV14ZR,EFIN,EFIN
EFTSAV15Z,,,020,510,13:30,18:00,EFTSAV15ZR,EFIN,EFIN
EGD113A,,,000,135,13:30,17:15,EGD113AR,,
EGD113A,,,000,135,17:15,17:45,EGD113AR,,
EGD113A,,,000,135,17:45,00:14,EGD113AR,,
EGD113B,,,000,135,13:30,17:15,EGD113BR,,
EGD113B,,,000,135,17:15,17:45,EGD113BR,,
EGD113B,,,000,135,17:45,00:14,EGD113BR,,
EGD201H,,,000,195,13:30,16:15,EGD201HR,,
EGD202D,,,000,125,13:30,16:15,EGD202DR,,
EGD323A,,,050,660,13:30,14:45,EGD323AR,,
EGD323A,,,050,660,14:45,15:45,EGD323AR,,
EGD323A,,,050,660,15:45,17:15,EGD323AR,,
EGD323AZ,,,050,660,13:30,14:45,EGD323AZR,,
EGD323AZ,,,050,660,14:45,15:45,EGD323AZR,,
EGD323AZ,,,050,660,15:45,17:15,EGD323AZR,,
EGD323B,,,050,660,13:30,14:45,EGD323BR,,
EGD323B,,,050,660,14:45,15:45,EGD323BR,,
EGD323B,,,050,660,15:45,17:15,EGD323BR,,
EGD323BZ,,,050,660,13:30,14:45,EGD323BZR,,
EGD323BZ,,,050,660,14:45,15:45,EGD323BZR,,
EGD323BZ,,,050,660,15:45,17:15,EGD323BZR,,
EGD323C,,,050,660,13:30,14:45,EGD323CR,,
EGD323C,,,050,660,14:45,15:45,EGD323CR,,
EGD323C,,,050,660,15:45,17:15,EGD323CR,,
EGD323CZ,,,050,660,13:30,14:45,EGD323CZR,,
EGD323CZ,,,050,660,14:45,15:45,EGD323CZR,,
EGD323CZ,,,050,660,15:45,17:15,EGD323CZR,,
EGD323D,,,050,660,13:30,14:45,EGD323DR,,
EGD323D,,,050,660,14:45,15:30,EGD323DR,,
EGD323D,,,050,660,15:30,16:30,EGD323DR,,
EGD323D,,,050,660,16:30,17:15,EGD323DR,,
EGD323DZ,,,050,660,13:30,14:45,EGD323DZR,,
EGD323DZ,,,050,660,14:45,15:30,EGD323DZR,,
EGD323DZ,,,050,660,15:30,16:30,EGD323DZR,,
EGD323DZ,,,050,660,16:30,17:15,EGD323DZR,,
EGD323E,,,050,660,13:30,14:45,EGD323ER,,
EGD323E,,,050,660,14:45,15:30,EGD323ER,,
EGD323E,,,050,660,15:30,16:30,EGD323ER,,
EGD323E,,,050,660,16:30,17:15,EGD323ER,,
EGD323EZ,,,050,660,13:30,14:45,EGD323EZR,,
EGD323EZ,,,050,660,14:45,15:30,EGD323EZR,,
EGD323EZ,,,050,660,15:30,16:30,EGD323EZR,,
EGD323EZ,,,050,660,16:30,17:15,EGD323EZR,,
EGD323G,,,150,660,13:30,14:45,EGD323GR,,
EGD323G,,,150,660,14:45,15:45,EGD323GR,,
EGD323G,,,150,660,15:45,17:15,EGD323GR,,
EGD323GZ,,,150,660,13:30,14:45,EGD323GZR,,
EGD323GZ,,,150,660,14:45,15:45,EGD323GZR,,
EGD323GZ,,,150,660,15:45,17:15,EGD323GZR,,
EGD323H,,,150,660,13:30,14:45,EGD323HR,,
EGD323H,,,150,660,14:45,15:45,EGD323HR,,
EGD323H,,,150,660,15:45,17:15,EGD323HR,,
EGD323HZ,,,150,660,13:30,14:45,EGD323HZR,,
EGD323HZ,,,150,660,14:45,15:45,EGD323HZR,,
EGD323HZ,,,150,660,15:45,17:15,EGD323HZR,,
EGD323J,,,150,660,13:30,14:45,EGD323JR,,
EGD323J,,,150,660,14:45,15:45,EGD323JR,,
EGD323J,,,150,660,15:45,17:15,EGD323JR,,
EGD323JZ,,,150,660,13:30,14:45,EGD323JZR,,
EGD323JZ,,,150,660,14:45,15:45,EGD323JZR,,
EGD323JZ,,,150,660,15:45,17:15,EGD323JZR,,
EGD323K,,,150,660,13:30,14:45,EGD323KR,,
EGD323K,,,150,660,14:45,15:30,EGD323KR,,
EGD323K,,,150,660,15:30,16:30,EGD323KR,,
EGD323K,,,150,660,16:30,17:15,EGD323KR,,
EGD323KZ,,,150,660,13:30,14:45,EGD323KZR,,
EGD323KZ,,,150,660,14:45,15:30,EGD323KZR,,
EGD323KZ,,,150,660,15:30,16:30,EGD323KZR,,
EGD323KZ,,,150,660,16:30,17:15,EGD323KZR,,
EGD323L,,,100,660,13:30,14:45,EGD323LR,,
EGD323L,,,100,660,14:45,15:45,EGD323LR,,
EGD323L,,,100,660,15:45,17:15,EGD323LR,,
EGD323LZ,,,100,660,13:30,14:45,EGD323LZR,,
EGD323LZ,,,100,660,14:45,15:45,EGD323LZR,,
EGD323LZ,,,100,660,15:45,17:15,EGD323LZR,,
EGD323M,,,100,660,13:30,14:45,EGD323MR,,
EGD323M,,,100,660,14:45,15:45,EGD323MR,,
EGD323M,,,100,660,15:45,17:15,EGD323MR,,
EGD323MZ,,,100,660,13:30,14:45,EGD323MZR,,
EGD323MZ,,,100,660,14:45,15:45,EGD323MZR,,
EGD323MZ,,,100,660,15:45,17:15,EGD323MZR,,
EGD323N,,,100,660,13:30,14:45,EGD323NR,,
EGD323N,,,100,660,14:45,15:45,EGD323NR,,
EGD323N,,,100,660,15:45,17:15,EGD323NR,,
EGD323NZ,,,100,660,13:30,14:45,EGD323NZR,,
EGD323NZ,,,100,660,14:45,15:45,EGD323NZR,,
EGD323NZ,,,100,660,15:45,17:15,EGD323NZR,,
EGD323P,,,100,660,13:30,14:45,EGD323PR,,
EGD323P,,,100,660,14:45,15:30,EGD323PR,,
EGD323P,,,100,660,15:30,16:30,EGD323PR,,
EGD323P,,,100,660,16:30,17:15,EGD323PR,,
EGD323PZ,,,100,660,13:30,14:45,EGD323PZR,,
EGD323PZ,,,100,660,14:45,15:30,EGD323PZR,,
EGD323PZ,,,100,660,15:30,16:30,EGD323PZR,,
EGD323PZ,,,100,660,16:30,17:15,EGD323PZR,,
EGD323Q,,,100,660,13:30,14:45,EGD323QR,,
EGD323Q,,,100,660,14:45,15:45,EGD323QR,,
EGD323Q,,,100,660,15:45,17:15,EGD323QR,,
EGD323QZ,,,100,660,13:30,14:45,EGD323QZR,,
EGD323QZ,,,100,660,14:45,15:45,EGD323QZR,,
EGD323QZ,,,100,660,15:45,17:15,EGD323QZR,,
EGD323R,,,100,660,13:30,14:45,EGD323RR,,
EGD323R,,,100,660,14:45,15:45,EGD323RR,,
EGD323R,,,100,660,15:45,17:15,EGD323RR,,
EGD323RZ,,,100,660,13:30,14:45,EGD323RZR,,
EGD323RZ,,,100,660,14:45,15:45,EGD323RZR,,
EGD323RZ,,,100,660,15:45,17:15,EGD323RZR,,
EGD406A,,,000,500,13:30,18:15,EGD406AR,,
EGD406AZ,,,000,500,13:30,18:15,EGD406AZR,,
EGD513A,,,000,235,14:30,17:15,EGD513AR,,
EGD513B,,,000,235,14:30,17:15,EGD513BR,,
EGD513C,,,000,105,14:30,17:15,EGD513CR,,
EGD613A,,,100,660,15:30,17:30,EGD613AR,,
EGD613A,,,100,660,19:30,21:30,EGD613AR,,
EGD613AZ,,,100,660,15:30,17:30,EGD613AZR,,
EGD613AZ,,,100,660,19:30,21:30,EGD613AZR,,
EGD613B,,,100,660,15:30,17:30,EGD613BR,,
EGD613B,,,100,660,19:30,21:30,EGD613BR,,
EGD613BZ,,,100,660,15:30,17:30,EGD613BZR,,
EGD613BZ,,,100,660,19:30,21:30,EGD613BZR,,
EGD613C,,,100,660,15:30,17:30,EGD613CR,,
EGD613C,,,100,660,19:30,21:30,EGD613CR,,
EGD613CZ,,,100,660,15:30,17:30,EGD613CZR,,
EGD613CZ,,,100,660,19:30,21:30,EGD613CZR,,
EGD613D,,,100,660,19:30,21:30,EGD613DR,,
EGD613D,,,100,660,15:30,17:30,EGD613DR,,
EGD613DZ,,,100,660,19:30,21:30,EGD613DZR,,
EGD613DZ,,,100,660,15:30,17:30,EGD613DZR,,
EGMTAEAL,,,245,305,14:30,17:15,EGMTAEALR,,
EGMTAEAU,,,285,660,14:30,17:15,EGMTAEAUR,,
EGMTANWNL,,,195,305,13:30,18:15,EGMTANWNLR,,
EGMTANWSL,,,195,305,13:30,18:15,EGMTANWSLR,,
EGNPZ1,,,255,660,13:30,06:00,EGNPZ1R,,
EGNPZ2,,,255,660,13:30,06:00,EGNPZ2R,,
EHR2A,,,000,065,14:00,15:30,,EHAA,
EHR2A,,,000,195,17:00,18:00,,EHAA,
EHR2A,,,000,065,18:00,21:00,,EHAA,
EHR2A,,,000,195,21:00,22:00,,EHAA,
EHR2B,,,010,065,14:00,15:30,,EHAA,
EHR2B,,,010,065,17:00,22:00,,EHAA,
EHR2C,,,010,025,14:00,15:30,,EHAA,
EHR2C,,,010,025,17:00,22:00,,EHAA,
EHR3,,,000,030,13:30,06:00,,EHAA,
EHR3A,,,030,185,13:30,23:00,,EHAA,
EHR4,,,000,065,13:30,23:00,,EHAA,
EHR4A,,,065,245,13:45,15:15,,EHAA,
EHR4A,,,065,245,15:30,18:00,,EHAA,
EHR4A,,,065,245,19:15,21:45,,EHAA,
EHR4AZ,,,065,245,13:30,22:15,EHR4AZR,EHAA,
EHR4B,,,000,040,13:30,23:00,,EHAA,
EHR4C,,,010,020,13:30,23:00,,EHAA,
EHR4D,,,000,015,13:30,23:00,,EHAA,
EHR4E,,,100,245,13:45,15:15,,EHAA,
EHR4E,,,100,245,15:30,18:00,,EHAA,
EHR4E,,,100,245,19:15,21:45,,EHAA,
EHR4EZ,,,100,245,13:30,22:15,EHR4EZR,EHAA,
EHR4F,,,000,050,13:30,23:00,,EHAA,
EHR61,,,000,010,13:30,23:00,,EHAA,
EHR62,,,000,010,13:30,23:00,,EHAA,
EHR63,,,000,010,13:30,23:00,,EHAA,
EHR64,,,000,010,13:30,23:00,,EHAA,
EHR65,,,000,025,13:30,16:00,,EHAA,
EHR8,,,000,065,13:30,23:00,,EHAA,
EHR9,,,000,060,13:30,23:00,,EHAA,
EHTRA12Z,,,195,285,13:30,21:30,"EHTRA12ZRA, EHTRA12ZRB","EBBU, EDGG, EHAA","EBUR, EDVV"
EHTRA83,,,000,030,13:30,14:00,,EHAA,
EHTSA50,,,000,010,13:30,17:00,,EHAA,
EKD371,,,000,035,13:30,16:00,EKD371R,"EDWW, EKDK",EDVV
EKD371Z,,,035,115,13:30,16:00,EKD371ZR,"EDWW, EKDK",EDVV
EKR18,,,000,020,13:30,16:00,EKR18R,EKDK,
EKR32,,,000,035,13:30,05:59,EKR32R,EKDK,
EKR32Z,,,035,065,13:30,05:59,EKR32ZR,EKDK,
EKR33,,,000,035,13:30,05:59,EKR33R,EKDK,
EKR33Z,,,035,065,13:30,05:59,EKR33ZR,EKDK,
EKR34,,,000,035,13:30,05:59,EKR34R,EKDK,
EKR34Z,,,035,065,13:30,05:59,EKR34ZR,EKDK,
EKR35,,,000,035,13:30,05:59,EKR35R,EKDK,
EKR35Z,,,035,065,13:30,05:59,EKR35ZR,EKDK,
EKR39,,,000,035,13:30,17:30,EKR39R,EKDK,
EKR39Z,,,035,135,13:30,17:30,EKR39ZR,EKDK,
EKR40,,,000,035,13:30,17:30,EKR40R,EKDK,
EKR40Z,,,035,180,13:30,17:30,EKR40ZR,EKDK,
EKR45,,,000,020,13:30,22:00,EKR45R,EKDK,
EKROD1,,,000,035,13:30,18:00,EKROD1R,EKDK,
EKROD2,,,000,020,13:30,18:00,EKROD2R,EKDK,
EKROD3,,,000,035,13:30,18:00,EKROD3R,EKDK,
EKROD3Z,,,035,075,13:30,18:00,EKROD3ZR,EKDK,
EKROD4Z,,,055,075,13:30,17:30,EKROD4ZR,EKDK,
EKROD5Z,,,055,075,13:30,17:30,EKROD5ZR,EKDK,
EPD21,,,000,095,13:30,06:00,EPD21R,,
EPD21Z,,,095,130,13:30,06:00,EPD21ZR,,
EPD24,,,000,095,13:30,06:00,EPD24R,,
EPD24Z,,,095,180,13:30,06:00,EPD24ZR,,
EPD25A,,,000,095,13:30,23:00,EPD25AR,,
EPD25AZ,,,095,195,13:30,23:00,EPD25AZR,,
EPD27,,,000,085,13:30,22:00,EPD27R,,
EPD29,,,000,095,13:30,06:00,EPD29R,,
EPD29Z,,,095,500,13:30,06:00,EPD29ZR,,
EPD30,,,000,050,13:30,21:00,EPD30R,,
EPD31,,,000,095,13:30,06:00,EPD31R,,
EPD31Z,,,095,135,13:30,06:00,EPD31ZR,,
EPD33,,,000,095,13:30,21:30,EPD33R,,
EPD33Z,,,095,165,13:30,21:30,EPD33ZR,,
EPD36,,,000,095,13:30,15:00,EPD36R,,
EPD38,,,000,035,13:30,06:00,EPD38R,,
EPD53A,,,000,025,13:30,23:00,EPD53AR,,
EPP1,,,000,035,13:30,06:00,,,
EPP10,,,000,030,13:30,06:00,,,
EPP11,,,000,050,13:30,06:00,,,
EPP12,,,000,015,13:30,06:00,,,
EPP13,,,000,095,13:30,06:00,,,
EPP14,,,000,050,13:30,06:00,,,
EPP15,,,000,030,13:30,06:00,,,
EPP18,,,000,030,13:30,06:00,,,
EPP19,,,000,030,13:30,06:00,,,
EPP2,,,000,035,13:30,06:00,,,
EPP20,,,000,035,13:30,06:00,,,
EPP21,,,000,020,13:30,06:00,,,
EPP22,,,000,020,13:30,06:00,,,
EPP23,,,000,030,13:30,06:00,,,
EPP24,,,000,030,13:30,06:00,,,
EPP25,,,000,020,13:30,06:00,,,
EPP26,,,000,020,13:30,06:00,,,
EPP27,,,000,030,13:30,06:00,,,
EPP28,,,000,015,13:30,06:00,,,
EPP29,,,000,010,13:30,06:00,,,
EPP3,,,000,050,13:30,06:00,,,
EPP30,,,000,035,13:30,06:00,,,
EPP31,,,000,035,13:30,06:00,,,
EPP32,,,000,035,13:30,06:00,,,
EPP33,,,000,035,13:30,06:00,,,
EPP34,,,000,015,13:30,06:00,,,
EPP4,,,000,050,13:30,06:00,,,
EPP5,,,000,050,13:30,06:00,,,
EPP6,,,000,050,13:30,06:00,,,
EPP7,,,000,050,13:30,06:00,,,
EPP9,,,000,010,13:30,06:00,,,
EPR10,,,000,075,13:30,06:00,,,
EPR11,,,000,075,13:30,06:00,,,
EPR12,,,000,040,13:30,06:00,,,
EPR13,,,000,085,13:30,06:00,,,
EPR14,,,000,050,13:30,06:00,,,
EPR15,,,000,065,13:30,06:00,,,
EPR16,,,000,045,13:30,06:00,,,
EPR17,,,000,040,13:30,06:00,,,
EPR18,,,000,055,13:30,06:00,,,
EPR19,,,000,115,13:30,06:00,EPR19R,,
EPR20,,,000,040,13:30,06:00,,,
EPR21,,,000,040,13:30,06:00,,,
EPR22,,,000,040,13:30,06:00,,,
EPR23,,,000,040,13:30,06:00,,,
EPR24,,,000,040,13:30,06:00,,,
EPR25,,,000,040,13:30,06:00,,,
EPR26,,,000,065,13:30,06:00,,,
EPR27,,,000,065,13:30,06:00,,,
EPR28,,,000,040,13:30,06:00,,,
EPR29,,,000,040,13:30,06:00,,,
EPR29N,,,000,040,13:30,06:00,,,
EPR29S,,,000,040,13:30,06:00,,,
EPR30,,,000,035,13:30,06:00,,,
EPR40A,,,000,165,13:30,06:00,EPR40AR,,
EPR40AZ,,,095,165,13:30,06:00,EPR40AZR,,
EPR40B,,,165,410,13:30,06:00,EPR40BR,,
EPR40BZ,,,165,405,13:30,06:00,EPR40BZR,,
EPR40C,,,410,660,13:30,06:00,EPR40CR,,
EPR40CZ,,,405,660,13:30,06:00,EPR40CZR,,
EPR41,,,000,010,13:30,06:00,,,
EPR8,,,000,090,13:30,06:00,,,
EPR9,,,000,100,13:30,06:00,EPR9R,,
EPTR04A,,,000,095,18:30,20:00,,,
EPTR04A,,,000,095,13:30,18:30,,,
EPTR04B,,,000,095,18:30,20:00,EPTR04BR,,
EPTR04B,,,000,095,13:30,18:30,EPTR04BR,,
EPTR04BZ,,,095,315,18:30,20:00,EPTR04BZR,,
EPTR04BZ,,,095,315,13:30,18:30,EPTR04BZR,,
EPTR04C,,,065,095,15:00,20:00,EPTR04CR,,
EPTR04C,,,035,095,13:30,15:00,EPTR04CR,,
EPTR04CZ,,,095,315,15:00,20:00,EPTR04CZR,,
EPTR04CZ,,,095,315,13:30,15:00,EPTR04CZR,,
EPTR04D,,,065,095,15:00,20:00,EPTR04DR,,
EPTR04D,,,035,095,13:30,15:00,EPTR04DR,,
EPTR04DZ,,,095,315,15:00,20:00,EPTR04DZR,,
EPTR04DZ,,,095,315,13:30,15:00,EPTR04DZR,,
EPTR04E,,,065,095,15:00,20:00,EPTR04ER,,
EPTR04E,,,035,095,14:30,15:00,EPTR04ER,,
EPTR04E,,,035,095,13:30,14:30,EPTR04ER,,
EPTR04EZ,,,095,315,15:00,20:00,EPTR04EZR,,
EPTR04EZ,,,095,315,14:30,15:00,EPTR04EZR,,
EPTR04EZ,,,095,225,13:30,14:30,EPTR04EZR,,
EPTR04F,,,000,095,18:30,20:00,EPTR04FR,,
EPTR04F,,,000,095,14:30,18:30,EPTR04FR,,
EPTR04F,,,000,095,13:30,14:30,EPTR04FR,,
EPTR04FZ,,,095,315,18:30,20:00,EPTR04FZR,,
EPTR04FZ,,,095,315,14:30,18:30,EPTR04FZR,,
EPTR04FZ,,,095,225,13:30,14:30,EPTR04FZR,,
EPTR04GZ,,,095,315,15:00,20:00,EPTR04GZR,,
EPTR04GZ,,,095,315,14:30,15:00,EPTR04GZR,,
EPTR04GZ,,,095,225,13:30,14:30,EPTR04GZR,,
EPTR04H,,,000,095,18:30,20:00,EPTR04HR,,
EPTR04H,,,000,095,13:30,18:30,EPTR04HR,,
EPTR04HZ,,,095,315,18:30,20:00,EPTR04HZR,,
EPTR04HZ,,,095,315,13:30,18:30,EPTR04HZR,,
EPTR04P,,,065,095,15:00,20:00,,,
EPTR04P,,,020,095,13:30,15:00,,,
EPTR05A,,,000,095,13:30,16:00,EPTR05AR,,
EPTR05AZ,,,095,125,13:30,16:00,"EPTR05AZRA, EPTR05AZRB",,
EPTR05B,,,000,095,13:30,16:00,EPTR05BR,,
EPTR05BZ,,,095,125,13:30,16:00,EPTR05BZR,,
EPTR05C,,,000,095,13:30,16:00,EPTR05CR,,
EPTR05CZ,,,095,125,13:30,16:00,"EPTR05CZRB, EPTR05CZRA",,
EPTR05D,,,000,095,13:30,16:00,EPTR05DR,,
EPTR05DZ,,,095,125,13:30,16:00,EPTR05DZR,,
EPTR05E,,,000,095,13:30,16:00,EPTR05ER,,
EPTR05EZ,,,095,125,13:30,16:00,"EPTR05EZRB, EPTR05EZRA",,
EPTR05F,,,000,095,13:30,16:00,EPTR05FR,,
EPTR05FZ,,,095,125,13:30,16:00,EPTR05FZR,,
EPTR05G,,,015,095,13:30,16:00,,,
EPTR100,,,000,045,13:30,06:00,,,
EPTR101,,,000,045,13:30,06:00,,,
EPTR102,,,000,045,13:30,06:00,,,
EPTR103,,,000,040,13:30,06:00,,,
EPTR104,,,000,045,13:30,06:00,,,
EPTR105,,,000,045,13:30,06:00,,,
EPTR106,,,000,045,13:30,06:00,,,
EPTR107,,,000,050,13:30,06:00,,,
EPTR108,,,000,050,13:30,06:00,,,
EPTR109A,,,000,045,13:30,06:00,,,
EPTR109B,,,000,045,13:30,06:00,,,
EPTR10A,,,000,095,13:30,19:00,,,
EPTR10B,,,000,065,13:30,19:00,"EPTR10BRA, EPTR10BRE, EPTR10BRC, EPTR10BRD, EPTR10BRB",,
EPTR10C,,,000,065,13:30,19:00,"EPTR10CRC, EPTR10CRE, EPTR10CRD, EPTR10CRA, EPTR10CRB",,
EPTR10D,,,020,065,13:30,19:00,"EPTR10DRA, EPTR10DRE, EPTR10DRC, EPTR10DRB, EPTR10DRD",,
EPTR10E,,,020,065,13:30,19:00,"EPTR10ERA, EPTR10ERE, EPTR10ERC, EPTR10ERD, EPTR10ERB",,
EPTR10F,,,000,035,13:30,19:00,,,
EPTR110,,,000,045,13:30,06:00,,,
EPTR111,,,000,045,13:30,06:00,,,
EPTR112A,,,000,045,13:30,06:00,,,
EPTR112B,,,000,045,13:30,06:00,,,
EPTR113,,,000,045,13:30,06:00,,,
EPTR114,,,000,045,13:30,06:00,,,
EPTR115A,,,000,045,13:30,06:00,,,
EPTR115B,,,000,045,13:30,06:00,,,
EPTR116,,,000,045,13:30,06:00,,,
EPTR117,,,000,045,13:30,06:00,,,
EPTR118,,,000,045,13:30,06:00,,,
EPTR119,,,000,045,13:30,06:00,,,
EPTR11AZ,,,135,245,16:00,21:00,EPTR11AZR,,
EPTR11AZ,,,135,245,14:00,16:00,EPTR11AZR,,
EPTR11B,,,035,095,14:00,16:00,EPTR11BR,,
EPTR11BZ,,,095,245,16:00,21:00,"EPTR11BZRA, EPTR11BZRB, EPTR11BZRC",,
EPTR11BZ,,,095,245,14:00,16:00,"EPTR11BZRA, EPTR11BZRB, EPTR11BZRC",,
EPTR11CZ,,,095,245,16:00,21:00,"EPTR11CZRA, EPTR11CZRC, EPTR11CZRB",,
EPTR11CZ,,,095,245,14:00,16:00,"EPTR11CZRA, EPTR11CZRC, EPTR11CZRB",,
EPTR11DZ,,,095,245,16:00,21:00,"EPTR11DZRA, EPTR11DZRB",,
EPTR11DZ,,,095,245,14:00,16:00,"EPTR11DZRA, EPTR11DZRB",,
EPTR11EZ,,,095,245,16:00,21:00,"EPTR11EZRA, EPTR11EZRB",,
EPTR11EZ,,,095,245,14:00,16:00,"EPTR11EZRA, EPTR11EZRB",,
EPTR120A,,,000,045,13:30,06:00,,,
EPTR120B,,,000,045,13:30,06:00,,,
EPTR121,,,000,045,13:30,06:00,,,
EPTR122,,,000,045,13:30,06:00,,,
EPTR123,,,000,045,13:30,06:00,,,
EPTR124,,,000,050,13:30,06:00,,,
EPTR125,,,000,050,13:30,06:00,,,
EPTR126,,,000,050,13:30,06:00,,,
EPTR127,,,000,050,13:30,06:00,,,
EPTR128,,,000,055,13:30,06:00,,,
EPTR129A,,,000,070,13:30,06:00,,,
EPTR129B,,,000,070,13:30,06:00,,,
EPTR130A,,,000,065,13:30,06:00,,,
EPTR130B,,,000,065,13:30,06:00,,,
EPTR157A,,,020,045,13:30,06:00,,,
EPTR157B,,,020,045,13:30,06:00,,,
EPTR180A,,,000,025,13:30,18:30,,,
EPTR180B,,,000,025,13:30,18:30,,,
EPTR180C,,,000,025,13:30,18:30,,,
EPTR180D,,,000,025,13:30,18:30,,,
EPTR180E,,,000,025,13:30,18:30,,,
EPTR181A,,,000,045,13:30,18:30,,,
EPTR181A,,,000,045,18:30,22:00,,,
EPTR181B,,,000,045,13:30,18:30,,,
EPTR181B,,,000,045,18:30,22:00,,,
EPTR181C,,,000,045,13:30,18:30,,,
EPTR181C,,,000,045,18:30,22:00,,,
EPTR181D,,,000,045,13:30,18:30,,,
EPTR181D,,,000,045,18:30,22:00,,,
EPTR182A,,,000,020,13:30,18:30,,,
EPTR182B,,,000,020,13:30,18:30,,,
EPTR20A,,,000,045,14:00,20:00,,,
EPTR20B,,,000,045,14:00,20:00,,,
EPTR20C,,,000,045,14:00,20:00,,,
EPTR20D,,,000,020,14:00,20:00,,,
EPTR21B,,,000,055,14:00,20:00,,,
EPTR22A,,,035,045,13:30,16:00,EPTR22AR,,
EPTR23A,,,020,055,13:30,20:00,,,
EPTR23B,,,000,055,13:30,20:00,,,
EPTR23C,,,000,055,13:30,20:00,,,
EPTR23D,,,000,055,13:30,20:00,,,
EPTR23E,,,000,055,13:30,20:00,,,
EPTR23F,,,055,075,13:30,20:00,EPTR23FR,,
EPTR24A,,,020,055,13:30,22:30,EPTR24ARA,,
EPTR399Z,,,095,125,13:30,06:00,"EUTR399ZRB, EUTR399ZRA",,
EPTR44A,,,015,035,14:00,20:00,,,
EPTR44B,,,015,035,14:00,20:00,,,
EPTR48A,,,000,010,14:00,20:00,,,
EPTR48C,,,000,010,14:00,20:00,,,
EPTR69A,,,035,095,19:00,21:00,EPTR69AR,,
EPTR69AZ,,,095,245,19:00,21:00,EPTR69AZR,,
EPTR69B,,,000,095,19:00,21:00,EPTR69BR,,
EPTR69BZ,,,095,245,19:00,21:00,EPTR69BZR,,
EPTR69C,,,000,095,19:00,21:00,EPTR69CR,,
EPTR69CZ,,,095,245,19:00,21:00,EPTR69CZR,,
EPTR69D,,,000,095,19:00,21:00,EPTR69DR,,
EPTR69DZ,,,095,245,19:00,21:00,EPTR69DZR,,
EPTR69E,,,000,095,19:00,21:00,EPTR69ER,,
EPTR69EZ,,,095,245,19:00,21:00,EPTR69EZR,,
EPTR69FZ,,,095,245,19:00,21:00,EPTR69FZR,,
EPTR70A,,,020,045,13:30,06:00,EPTR70AR,,
EPTR70B,,,020,035,13:30,06:00,EPTR70BR,,
EPTR84,,,115,285,13:30,06:00,,,
EPTR85,,,115,285,13:30,06:00,,,
EPTR86,,,175,285,13:30,06:00,,,
EPTR87,,,175,285,13:30,06:00,,,
EPTR88,,,175,285,13:30,06:00,,,
EPTR89,,,175,285,13:30,06:00,,,
EPTR90,,,175,285,13:30,06:00,,,
EPTR91,,,175,285,13:30,06:00,,,
EPTR92,,,175,285,13:30,06:00,,,
EPTR93,,,175,285,13:30,06:00,,,
EPTR94,,,175,285,13:30,06:00,,,
EPTS02AZ,,,115,285,19:00,21:00,"EPTS02AZRB, EPTS02AZRC, EPTS02AZRE, EPTS02AZRD, EPTS02AZRA",,
EPTS02AZ,,,115,285,13:30,19:00,"EPTS02AZRB, EPTS02AZRC, EPTS02AZRE, EPTS02AZRD, EPTS02AZRA",,
EPTS02B,,,035,095,20:00,21:00,"EPTS02BRC, EPTS02BRD, EPTS02BRE, EPTS02BRA, EPTS02BRF",,
EPTS02B,,,035,095,19:00,20:00,"EPTS02BRA, EPTS02BRF, EPTS02BRC, EPTS02BRD, EPTS02BRE",,
EPTS02B,,,035,095,13:30,19:00,"EPTS02BRA, EPTS02BRF, EPTS02BRC, EPTS02BRD, EPTS02BRE",,
EPTS02BZ,,,095,460,20:00,21:00,"EPTS02BZRA, EPTS02BZRC, EPTS02BZRB, EPTS02BZRD, EPTS02BZRE",,
EPTS02BZ,,,095,460,19:00,20:00,"EPTS02BZRA, EPTS02BZRC, EPTS02BZRB, EPTS02BZRD, EPTS02BZRE",,
EPTS02BZ,,,095,660,13:30,19:00,"EPTS02BZRA, EPTS02BZRC, EPTS02BZRB, EPTS02BZRD, EPTS02BZRE",,
EPTS02CZ,,,115,460,20:00,21:00,"EPTS02CZRE, EPTS02CZRA, EPTS02CZRB, EPTS02CZRC, EPTS02CZRD",,
EPTS02CZ,,,115,460,19:00,20:00,"EPTS02CZRE, EPTS02CZRA, EPTS02CZRB, EPTS02CZRC, EPTS02CZRD",,
EPTS02CZ,,,115,660,13:30,19:00,"EPTS02CZRE, EPTS02CZRA, EPTS02CZRB, EPTS02CZRC, EPTS02CZRD",,
EPTS02D,,,035,095,20:00,21:00,EPTS02DR,,
EPTS02D,,,035,095,19:00,20:00,EPTS02DR,,
EPTS02D,,,035,095,13:30,19:00,EPTS02DR,,
EPTS02DZ,,,095,345,20:00,21:00,EPTS02DZR,,
EPTS02DZ,,,095,345,19:00,20:00,EPTS02DZR,,
EPTS02DZ,,,095,345,13:30,19:00,EPTS02DZR,,
EPTS02E,,,025,095,16:40,20:00,EPTS02ER,,
EPTS02EZ,,,095,195,16:40,20:00,EPTS02EZR,,
EPTS02F,,,025,095,16:40,20:00,EPTS02FRA,,
EPTS02FZ,,,095,195,16:40,20:00,EPTS02FZR,,
EPTS03AZ,,,135,245,15:00,20:00,EPTS03AZR,,
EPTS03BZ,,,135,285,15:00,20:00,"EPTS03BZRE, EPTS03BZRD, EPTS03BZRA, EPTS03BZRB, EPTS03BZRC",,
EPTS03CZ,,,135,315,15:00,20:00,EPTS03CZR,,
EPTS03DZ,,,095,315,15:00,20:00,"EPTS03DZRD, EPTS03DZRA, EPTS03DZRE, EPTS03DZRB, EPTS03DZRC",,
EPTS03EZ,,,095,245,15:00,20:00,"EPTS03EZRB, EPTS03EZRA, EPTS03EZRC",,
EPTS03FZ,,,095,245,15:00,20:00,EPTS03FZR,,
EPTS03G,,,065,095,15:00,20:00,EPTS03GR,,
EPTS03GZ,,,095,115,15:00,20:00,EPTS03GZR,,
EPTS06A,,,025,095,16:00,21:00,EPTS06ARA,,
EPTS06AZ,,,095,285,16:00,21:00,"EPTS06AZRA, EPTS06AZRB",,
EPTS06B,,,025,095,16:00,21:00,EPTS06BRA,,
EPTS06BZ,,,095,285,16:00,21:00,EPTS06BZR,,
EPTS06C,,,035,095,16:00,21:00,EPTS06CR,,
EPTS06CZ,,,095,285,16:00,21:00,"EPTS06CZRB, EPTS06CZRA",,
EPTS06FZ,,,095,285,16:00,21:00,EPTS06FZR,,
EPTS07A,,,035,095,16:00,21:00,EPTS07ARA,,
EPTS07AZ,,,095,245,16:00,21:00,EPTS07AZRA,,
EPTS07B,,,035,095,16:00,21:00,EPTS07BRA,,
EPTS07BZ,,,095,245,16:00,21:00,EPTS07BZR,,
EPTS07C,,,035,095,16:00,21:00,EPTS07CRA,,
EPTS07CZ,,,095,245,16:00,21:00,EPTS07CZR,,
EPTS07D,,,055,095,16:00,21:00,EPTS07DRA,,
EPTS07DZ,,,095,195,16:00,21:00,EPTS07DZRA,,
EPTS07E,,,055,095,16:00,21:00,EPTS07ERA,,
EPTS07EZ,,,095,245,16:00,21:00,EPTS07EZR,,
EPTS12A,,,005,095,13:40,18:00,EPTS12AR,,
EPTS12AZ,,,095,245,13:40,18:00,EPTS12AZR,,
EPTS12B,,,035,095,13:40,18:00,EPTS12BR,,
EPTS12BZ,,,095,245,13:40,18:00,EPTS12BZR,,
EPTS22Z,,,235,275,13:30,19:00,"EPTS22ZRC, EPTS22ZRD, EPTS22ZRA, EPTS22ZRB, EPTS22ZRE",,
EPTS26Z,,,235,275,13:30,19:00,"EPTS26ZRA, EPTS26ZRB",,
EPTS28Z,,,205,245,13:30,19:00,"EPTS28ZRB, EPTS28ZRA",,
EPTS29Z,,,205,245,13:30,19:00,EPTS29ZR,,
EPTS40Z,,,095,125,13:30,16:20,EPTS40ZR,,
EPTS41Z,,,095,165,13:30,16:20,EPTS41ZR,,
EPTS42Z,,,095,225,13:30,16:20,EPTS42ZR,,
EPTS43Z,,,095,225,13:30,16:20,"EPTS43ZRA, EPTS43ZRB, EPTS43ZRC, EPTS43ZRD, EPTS43ZRE",,
EPTS45Z,,,095,185,13:30,16:20,EPTS45ZR,,
EPTS46Z,,,095,215,13:30,16:20,EPTS46ZR,,
EUC25FC,,,115,195,15:15,16:00,,,
EUC25FC,,,115,195,18:00,18:45,,,
EUC25FE,,,115,195,15:15,16:00,,,
EUC25FE,,,115,195,18:00,18:45,,,
EUC25FW,,,065,195,15:15,16:00,,,
EUC25FW,,,065,195,18:00,18:45,,,
EVR15,,,000,025,13:30,06:00,,EVRR,
EVR5,,,000,170,13:30,06:00,EVR5R,EVRR,
EVR6,,,000,015,13:30,06:00,,,
EYD12,,,000,155,13:30,06:00,EYD12R,,
EYD9,,,000,205,13:30,06:00,,,
EYTSA4,,,130,180,16:30,18:30,EYTSA4R,,
EYTSA5,,,085,130,16:30,18:30,EYTSA5R,,
EYTSA8A,,,095,180,14:30,18:30,EYTSA8AR,,
EYTSA8B,,,095,180,14:30,18:30,EYTSA8BR,,
GCD53,,,000,010,13:30,14:00,,,
GCD79A,,,020,999,13:30,16:30,GCD79AR,,
GCD79C,,,020,999,13:30,16:15,GCD79CR,,
GCMRAF11,,,065,999,13:30,06:00,GCMRAF11R,,
GCMRAF12,,,070,999,13:30,06:00,GCMRAF12R,,
LBD201,,,000,105,13:30,21:00,LBD201R,LBSR,
LBD207,,,000,085,13:30,20:00,LBD207R,LBSR,
LBD208,,,000,075,13:30,14:50,LBD208R,LBSR,
LBD212,,,000,105,13:30,15:00,LBD212R,LBSR,
LBD223,,,000,065,13:30,20:00,LBD223R,LBSR,
LBD224,,,000,105,13:30,15:00,LBD224R,LBSR,
LBD239,,,000,105,13:30,05:59,LBD239R,LBSR,
LBD243,,,000,055,13:30,20:00,LBD243R,LBSR,
LBD246,,,000,105,13:30,18:00,LBD246R,LBSR,
LBD247,,,000,105,13:30,20:00,LBD247R,LBSR,
LBD250,,,000,055,13:30,20:00,LBD250R,LBSR,
LBD301,,,000,105,13:30,05:59,LBD301R,LBSR,
LBD303,,,000,105,13:30,15:00,LBD303R,LBSR,
LBD308,,,000,115,13:30,17:00,LBD308R,LBSR,
LBD311,,,000,235,13:30,14:30,LBD311R,LBSR,
LBP1,,,000,085,13:30,06:00,,,
LBTRA21A,,,000,115,13:30,16:00,LBTRA21AR,LBSR,
LBTRA21B,,,000,115,13:30,16:00,LBTRA21BR,LBSR,
LBTRA21C,,,115,245,13:30,16:00,LBTRA21CR,LBSR,
LBTRA22E,,,000,025,13:30,20:00,LBTRA22ER,LBSR,
LBTRA22F,,,000,025,13:30,16:00,LBTRA22FR,LBSR,
LBTRA22F,,,000,040,16:00,20:00,LBTRA22FR,LBSR,
LBTRA31,,,000,245,13:30,22:00,LBTRA31R,LBSR,
LBTRA32A,,,000,245,13:30,22:00,LBTRA32AR,LBSR,
LBTRA32B,,,000,245,13:30,16:00,LBTRA32BR,LBSR,
LBTRA32B,,,075,245,16:00,22:00,LBTRA32BR,LBSR,
LBTRA33,,,000,245,13:30,16:00,LBTRA33R,LBSR,
LBTRA33,,,000,245,16:00,22:00,LBTRA33R,LBSR,
LBTRA34A,,,000,175,13:30,19:00,LBTRA34AR,LBSR,
LBTRA34A,,,000,175,19:00,22:00,LBTRA34AR,LBSR,
LBTRA34B,,,000,175,13:30,16:00,LBTRA34BR,LBSR,
LBTRA41,,,000,185,13:30,14:00,LBTRA41R,LBSR,
LBTRA43,,,000,155,13:30,19:00,LBTRA43R,LBSR,
LBTRA60,,,040,095,13:30,22:00,LBTRA60R,LBSR,
LBTRA61,,,000,095,13:30,22:00,LBTRA61R,LBSR,
LBTRA62,,,000,095,13:30,22:00,LBTRA62R,LBSR,
LBTRA63,,,115,165,13:30,22:00,"LBTRA63RA, LBTRA63RB, LBTRA63RC, LBTRA63RD, LBTRA63RE",LBSR,
LBTRA64,,,040,095,13:30,22:00,LBTRA64R,LBSR,
LBTRA65,,,095,165,13:30,22:00,LBTRA65R,LBSR,
LBTRA71,,,000,030,13:30,19:00,LBTRA71R,LBSR,
LBTRA72,,,000,025,13:30,19:00,LBTRA72R,LBSR,
LBTRA73,,,000,015,13:30,19:00,LBTRA73R,LBSR,
LBTRA83,,,000,035,13:30,15:30,LBTRA83R,LBSR,
LBTRA83,,,000,035,05:00,06:00,LBTRA83R,LBSR,
LBTRA86,,,000,175,13:30,15:00,LBTRA86R,LBSR,
LCD10,,,000,180,13:30,06:00,,,
LCD3,,,100,280,13:30,14:00,,,
LCD4,,,100,280,13:30,14:00,,,
LCD47,,,000,280,13:30,06:00,,,
LCNPZ1,,,000,999,13:30,06:00,,,
LCTRA02,,,000,120,13:30,17:00,,,
LCTRA02,,,000,120,05:00,06:00,,,
LCTRA06,,,000,110,13:30,17:30,,,
LCTRA06,,,000,050,05:00,06:00,,,
LCTRA07,,,000,025,13:30,20:00,,,
LCTSA03,,,000,035,13:30,20:00,,,
LCTSA03,,,000,035,05:00,06:00,,,
LCTSA04,,,000,035,13:30,20:00,,,
LCTSA04,,,000,035,05:00,06:00,,,
LCTSA08,,,000,015,05:30,06:00,,,
LCTSA09,,,000,080,13:30,22:00,,,
LDTR8,,,000,335,13:30,15:00,,LDZO,
LDTS5,,,000,165,13:30,14:00,LDTS5S,LDZO,
LED1,,,000,180,13:30,18:02,LED1R,,
LED1,,,000,180,18:02,23:59,LED1R,,
LED107,,,000,105,17:15,21:45,,,
LED121,,,000,100,13:30,19:00,,,
LED121,,,110,245,13:30,21:17,,,
LED122,,,000,100,13:30,19:00,LED122R,,
LED122,,,110,240,13:30,21:17,LED122R,,
LED123,,,130,160,16:00,21:30,LED123R,,
LED123,,,100,130,16:00,21:30,LED123R,,
LED128,,,060,100,13:30,19:00,LED128R,,
LED129,,,000,100,13:30,19:00,LED129R,,
LED129,,,110,240,13:30,21:17,LED129R,,
LED131,,,000,145,19:00,20:15,,,
LED132,,,145,460,19:00,20:15,,,
LED35B,,,000,180,17:00,18:30,,,
LED35B,,,000,060,18:30,19:30,,,
LED35B,,,000,180,19:30,22:00,,,
LED36,,,000,130,13:30,17:00,LED36R,,
LED50,,,000,235,13:30,15:30,LED50R,,
LED50,,,000,235,15:30,17:30,LED50R,,
LED70A,,,000,035,19:00,23:59,,,
LED70A,,,000,035,02:00,06:00,,,
LED90A,,,000,245,13:30,19:00,,,
LED90B,,,000,280,13:30,14:00,,,
LED90C,,,000,280,13:30,14:00,,,
LED98,,,075,999,19:00,20:15,,,
LER63,,,020,260,13:30,16:30,,,
LER71A,,,010,100,13:30,17:00,,,
LER71A,,,010,100,17:00,22:00,,,
LER71B,,,010,240,13:30,17:00,,,
LER71B,,,010,100,17:00,22:00,,,
LER71C,,,020,240,13:30,17:00,,,
LER86A,,,000,450,13:30,19:30,LER86AS,,
LER86A,,,000,450,17:30,22:00,LER86AS,,
LER86B,,,050,245,13:30,19:30,,,
LER86B,,,050,245,17:30,22:00,,,
LER86C,,,245,450,13:30,19:30,"LER86CTA, LER86CTB",,
LETPA0H,,,410,460,13:30,17:00,LETPA0HR,,
LETPA0L,,,000,230,13:30,17:00,LETPA0LR,,
LETPA0M,,,230,320,13:30,17:00,LETPA0MR,,
LETPA1AH,,,410,999,14:00,17:00,LETPA1AHR,,
LETPA1AL,,,010,320,14:00,17:00,LETPA1ALR,,
LETPA1B,,,010,200,14:00,17:00,LETPA1BR,,
LETPA2H,,,105,999,14:00,17:00,"LETPA2HRA, LETPA2HRB, LETPA2HRC",,
LETPA2L,,,010,105,14:00,17:00,"LETPA2LRA, LETPA2LRB, LETPA2LRC",,
LETPA3A,,,390,999,14:00,17:00,LETPA3AR,,
LETPA3A,,,010,320,14:00,17:00,LETPA3AR,,
LETPA3B,,,390,999,14:00,17:00,LETPA3BR,,
LETPA3B,,,010,320,14:00,17:00,LETPA3BR,,
LETPTC1,,,250,260,14:00,17:00,LETPTC1R,,
LFD15A,,,195,275,16:00,18:00,,,
LFD15AZ,,,195,275,15:45,18:15,LFD15AZR,,
LFD31D,,,000,999,14:15,16:15,,,
LFD31D,,,000,999,18:30,19:45,,,
LFD31DZ,,,195,999,14:00,16:30,LFD31DZR,,
LFD31DZ,,,195,999,18:15,20:00,LFD31DZR,,
LFNPZ2,,,195,305,13:30,01:00,,,
LFNPZ4,,,195,305,13:30,01:00,,,
LFR108RM,,,195,999,13:30,13:45,,,
LFR108RM,,,195,999,15:00,17:00,,,
LFR108RMZ,,,195,999,13:30,14:00,"LFR108RMZR, LFR108RMZS",,
LFR108RMZ,,,195,999,14:45,17:15,"LFR108RMZR, LFR108RMZS",,
LFR108RT,,,195,999,13:30,13:45,,,
LFR108RT,,,195,999,15:00,17:00,,,
LFR108RTZ,,,195,999,13:30,14:00,"LFR108RTZR, LFR108RTZS",,
LFR108RTZ,,,195,999,14:45,17:15,"LFR108RTZR, LFR108RTZS",,
LFR122,,,115,195,13:30,14:00,,,
LFR123,,,145,195,13:30,14:00,,,
LFR138,,,000,205,13:30,16:00,LFR138R,,
LFR138,,,000,265,16:00,01:00,LFR138R,,
LFR138,,,000,115,01:00,06:00,LFR138R,,
LFR138Z,,,195,205,13:30,16:15,LFR138ZR,,
LFR138Z,,,195,265,15:45,01:15,LFR138ZR,,
LFR169,,,000,100,13:30,06:00,,,
LFR31H,,,195,999,14:15,16:15,,,
LFR31H,,,195,999,18:30,19:45,,,
LFR31HZ,,,195,999,14:00,16:30,LFR31HZR,,
LFR31HZ,,,195,999,18:15,20:00,LFR31HZR,,
LFR321,,,115,195,14:30,15:30,,,
LFR321,,,115,195,20:00,21:00,,,
LFR321,,,115,195,21:15,22:15,,,
LFR322,,,155,195,13:30,14:00,,,
LFR323,,,145,195,13:30,14:00,,,
LFR34A2,,,065,195,13:30,06:00,,,
LFR61H,,,195,999,13:30,18:30,,,
LFR61HZ,,,195,999,13:30,18:45,LFR61HZRA,,
LFR68A,,,040,085,17:45,18:45,,,
LFR68A,,,040,085,21:15,22:15,,,
LFR68B,,,085,195,17:45,18:45,,,
LFR68B,,,085,195,21:15,22:15,,,
LFR68C,,,115,195,17:45,18:45,,,
LFR68C,,,115,195,21:15,22:15,,,
LFR9B,,,015,195,13:30,17:30,,,
LFT200A,,,195,999,14:30,15:30,,,
LFT200A,,,195,999,20:00,21:00,,,
LFT200A,,,195,999,21:15,22:15,,,
LFT200AZ1,,,195,999,14:00,16:00,LFT200AZ1R,,
LFT200AZ1,,,195,999,19:30,21:30,LFT200AZ1R,,
LFT200AZ1,,,195,999,20:45,22:45,LFT200AZ1R,,
LFT200AZ2,,,195,999,13:45,16:15,LFT200AZ2R,,
LFT200AZ2,,,195,999,19:15,21:45,LFT200AZ2R,,
LFT200AZ2,,,195,999,20:30,23:00,LFT200AZ2R,,
LFT22A,,,195,999,13:30,14:00,LFT22AR,,
LFT22A,,,195,305,23:00,01:00,LFT22AR,,
LFT22AZ,,,195,999,13:30,14:15,LFT22AZR,,
LFT22AZ,,,195,305,22:45,01:15,LFT22AZR,,
LFT22B,,,195,285,13:30,14:00,,,
LFT22B,,,195,285,23:00,01:00,,,
LFT34A,,,195,999,20:00,21:00,,,
LFT34AZ,,,195,999,19:45,21:15,LFT34AZR,,
LFT34C,,,195,999,13:30,14:00,,,
LFT34CZ,,,195,999,13:30,14:15,LFT34CZR,,
LFT34E,,,195,345,13:30,14:00,,,
LFT34EZ,,,195,345,13:30,14:15,LFT34EZR,,
LFT34N,,,245,999,20:00,21:00,,,
LFT34NZ,,,245,999,19:45,21:15,"LFT34NZRA, LFT34NZRB",,
LFT43A,,,195,999,14:00,15:00,,,
LFT43A,,,195,999,17:45,18:45,,,
LFT43A,,,195,999,21:15,22:15,,,
LFT43AZ,,,195,999,13:45,15:15,"LFT43AZR, LFT43AZS",,
LFT43AZ,,,195,999,17:30,19:00,"LFT43AZR, LFT43AZS",,
LFT43AZ,,,195,999,21:00,22:30,"LFT43AZR, LFT43AZS",,
LGD100,,,000,250,13:30,06:00,,,
LGD61,,,000,400,13:30,06:00,,,
LGD63,,,000,120,13:30,06:00,,,
LGD64,,,000,250,13:30,06:00,,,
LGD65,,,000,250,13:30,06:00,,,
LGD68,,,000,250,13:30,06:00,,,
LGD69,,,000,250,13:30,06:00,,,
LGD71,,,000,090,13:30,06:00,,,
LGD72A,,,075,999,13:30,06:00,,,
LGD72B,,,075,999,13:30,06:00,,,
LGD73,,,000,250,13:30,06:00,,,
LGD76,,,000,150,13:30,06:00,,,
LGD77,,,000,290,13:30,06:00,,,
LGD79,,,000,250,13:30,06:00,,,
LGD80,,,000,050,13:30,06:00,,,
LGD81,,,000,160,13:30,06:00,,,
LGD82,,,000,250,13:30,06:00,,,
LGD83,,,000,999,13:30,06:00,,,
LGD88,,,000,999,13:30,06:00,,,
LGD89,,,000,999,13:30,06:00,,,
LGD90,,,000,999,13:30,06:00,,,
LGD93,,,000,150,13:30,06:00,,,
LGD94,,,000,050,13:30,06:00,,,
LGD95,,,000,130,13:30,06:00,,,
LGD96,,,000,050,13:30,06:00,,,
LGD97,,,000,240,13:30,06:00,,,
LGD98,,,000,100,13:30,06:00,,,
LGMRATRIP,,,120,170,13:30,06:00,,,
LGP13,,,000,040,13:30,06:00,,,
LGP4,,,000,035,13:30,06:00,,,
LGP5,,,000,035,13:30,06:00,,,
LGP6,,,000,015,13:30,06:00,,,
LGP7,,,000,015,13:30,06:00,,,
LGP8,,,000,070,13:30,06:00,,,
LGR20,,,000,025,13:30,06:00,,,
LGR21,,,000,015,13:30,06:00,,,
LGR22,,,000,055,13:30,06:00,,,
LGR23,,,000,055,13:30,06:00,,,
LGR24,,,035,055,13:30,06:00,,,
LGR25,,,000,055,13:30,06:00,,,
LGR26,,,000,055,13:30,06:00,,,
LGR27,,,000,245,13:30,06:00,,,
LGR28,,,000,015,13:30,06:00,,,
LGR29,,,000,085,13:30,06:00,,,
LGR30,,,000,065,13:30,06:00,,,
LGR50,,,075,245,13:30,06:00,,,
LGR52,,,080,240,13:30,06:00,,,
LGR56,,,000,085,13:30,06:00,,,
LHD11,,,000,075,13:30,21:00,,,
LHD14,,,000,105,13:30,21:00,,,
LHD16,,,000,025,13:30,17:00,,,
LHD21,,,000,105,13:30,21:00,,,
LHD24,,,000,040,13:30,15:00,,,
LHD2A,,,000,145,13:30,21:00,,,
LHD3,,,000,075,13:30,22:00,,,
LHD34,,,000,025,13:30,15:00,,,
LHD36A,,,000,145,13:30,21:00,,,
LHD53,,,000,025,13:30,14:30,,,
LHTRA13,,,095,145,13:30,17:00,,,
LHTRA14A,,,000,020,13:30,20:00,,,
LHTRA14B,,,000,020,13:30,20:00,,,
LHTRA14C,,,000,020,13:30,20:00,,,
LHTRA21A,,,095,245,13:30,14:40,,,
LHTRA21A,,,095,245,15:20,16:30,,,
LHTRA21A,,,095,245,17:10,18:20,,,
LHTRA21A,,,095,245,19:00,20:10,,,
LHTRA21D,,,040,095,13:30,14:40,,,
LHTRA21D,,,040,095,15:20,16:30,,,
LHTRA21D,,,040,095,17:10,18:20,,,
LHTRA21D,,,040,095,19:00,20:10,,,
LHTRA21E,,,000,040,13:30,14:40,,,
LHTRA21E,,,000,040,15:20,16:30,,,
LHTRA21E,,,000,040,17:10,18:20,,,
LHTRA21E,,,000,040,19:00,20:10,,,
LHTRA23A,,,095,245,13:30,14:40,,,
LHTRA23A,,,095,245,15:20,16:30,,,
LHTRA23A,,,095,245,17:10,18:20,,,
LHTRA23A,,,095,245,19:00,20:10,,,
LHTRA23D,,,040,095,13:30,14:40,,,
LHTRA23D,,,040,095,15:20,16:30,,,
LHTRA23D,,,040,095,17:10,18:20,,,
LHTRA23D,,,040,095,19:00,20:10,,,
LHTRA23E,,,000,040,13:30,14:40,,,
LHTRA23E,,,000,040,15:20,16:30,,,
LHTRA23E,,,000,040,17:10,18:20,,,
LHTRA23E,,,000,040,19:00,20:10,,,
LHTRA41,,,095,135,13:30,14:40,,,
LHTRA41,,,095,135,15:20,16:30,,,
LHTRA41,,,095,135,17:10,18:20,,,
LHTRA41,,,095,135,19:00,20:10,,,
LHTRA43,,,095,125,13:30,14:40,,,
LHTRA43,,,095,125,15:20,16:30,,,
LHTRA43,,,095,125,17:10,18:20,,,
LHTRA43,,,095,125,19:00,20:10,,,
LIBRYAN,,,480,600,13:30,06:00,,,
LID25B,,,000,999,13:30,06:00,,,
LID25C,,,000,999,13:30,06:00,,,
LID37B,,,210,999,13:30,17:00,LID37BR,,
LID409A,,,015,145,13:30,06:00,,,
LID409B,,,145,245,13:30,06:00,,,
LID40A,,,010,999,13:30,18:00,LID40AR,,
LID40A,,,010,999,04:00,06:00,LID40AR,,
LID40B,,,000,195,13:30,19:00,LID40BR,,
LID40B,,,000,195,04:00,06:00,LID40BR,,
LID5A,,,240,315,13:30,00:00,,,
LID5B,,,315,380,13:30,00:00,LID5BR,,
LID67,,,000,450,13:30,16:30,LID67R,,
LID75,,,050,240,13:30,06:00,EUD75MR,,
LID91BIS,,,060,240,13:30,00:00,,,
LIGH006,,,410,600,13:30,06:00,,,
LIGH007,,,410,600,13:30,06:00,,,
LIGH008,,,410,600,13:30,06:00,,,
LILDD35A,,,050,125,13:30,06:00,LILDD35AR,,
LILDD35B,,CBA CRIT,125,280,13:30,21:00,LILDD35BR,"LDZO, LIMM",LIMM
LINPZ1,,,145,660,13:30,06:00,LINPZ1R,,
LINPZ2,,,305,660,13:30,06:00,LINPZ2R,,
LIORBIT,,,350,560,13:30,06:00,,,
LIP3,,,000,999,13:30,17:00,LIP3R,,
LIR107A,,,195,240,13:30,06:00,,,
LIR108A,,,155,315,13:30,17:00,LIR108AR,,
LIR108B,,,315,600,13:30,17:00,LIR108BR,,
LIR21A,,,125,240,13:30,17:00,,,
LIR21B,,,125,240,13:30,17:00,,,
LIR404A,,,015,145,13:30,15:30,,,
LIR404B,,,145,245,13:30,15:30,,,
LIR46,,,000,250,13:30,06:00,,,
LIR47,,,010,095,13:30,06:00,,,
LIR48,,,125,240,13:30,22:00,,,
LIR48,,,125,240,05:00,06:00,,,
LIR49E,,,290,370,14:00,14:45,,,
LIR49E,,,290,370,16:40,18:30,,,
LIR49F,,,290,370,14:00,14:45,,,
LIR49F,,,290,370,16:40,18:30,,,
LIR50,,,085,245,13:30,22:00,,,
LIR50,,,085,245,05:00,06:00,,,
LIR500A,,,035,190,13:30,06:00,LIR500AR,,
LIR500B,,,190,370,13:30,06:00,LIR500BR,,
LIR500C,,,370,600,13:30,06:00,LIR500CR,,
LIR503A,,,165,235,13:30,22:00,,,
LIR503A,,,165,235,05:00,06:00,,,
LIR503B,,,235,270,13:30,22:00,,,
LIR503B,,,235,270,05:00,06:00,,,
LIR51D,,,195,270,13:30,15:00,,,
LIR51E,,,195,270,13:30,15:00,,LIBB,LIBB
LIR54,,,000,600,13:30,06:00,LIR54R,,
LIR64,,,035,315,13:30,22:00,,,
LIR64,,,035,315,05:00,06:00,,,
LIR64BIS,,,105,315,13:30,22:00,,,
LIR64BIS,,,105,315,05:00,06:00,,,
LIR65,,,155,240,13:30,06:00,,,
LIR7,,,000,999,13:30,22:00,LIR7R,,
LITC2S1,,,410,560,13:30,06:00,,,
LITC2S2,,,350,560,13:30,06:00,,,
LITC2S3,,,000,370,13:30,06:00,,,
LITRA410,,,245,305,13:30,15:30,,,
LITRA411,,,245,305,13:30,15:30,,,
LITRA412,,,245,305,13:30,15:30,,,
LITRA413,,,245,305,13:30,15:30,,,
LITRA414,,,245,305,13:30,15:30,,,
LITRA417,,,245,305,13:30,15:30,,,
LITRA445,,,245,305,13:30,16:00,,,
LITRA611A,,,245,365,13:30,14:00,LITRA611AR,,
LITRA611A,,,245,365,15:00,16:00,LITRA611AR,,
LITRA611B,,,245,365,15:00,16:00,LITRA611BR,,
LITRA611B,,,245,365,13:30,14:00,LITRA611BR,,
LITRA612,,,245,365,13:30,14:00,LITRA612R,,
LITRA612,,,245,365,15:00,16:00,LITRA612R,,
LITRA613,,,245,365,13:30,14:00,LITRA613R,,
LITRA613,,,245,365,15:00,16:00,LITRA613R,,
LITSA455A,,,305,405,13:30,16:00,,,
LITSA455B,,,405,660,13:30,16:00,,,
LITSA621A,,,365,999,13:30,14:00,LITSA621AR,,
LITSA621A,,,365,999,15:00,16:00,LITSA621AR,,
LITSA621B,,,365,999,13:30,14:00,LITSA621BR,,
LITSA621B,,,365,999,15:00,16:00,LITSA621BR,,
LITSA622,,,365,999,13:30,14:00,LITSA622R,,
LITSA622,,,365,999,15:00,16:00,LITSA622R,,
LITSA623,,,365,999,13:30,14:00,LITSA623R,,
LITSA623,,,365,999,15:00,16:00,LITSA623R,,
LITSA74B,,,370,400,13:30,14:00,,,
LITSA78,,,370,400,14:15,14:30,,,
LIUHESPOC,,,280,550,13:30,06:00,,,
LIUTC1S1,,,180,370,13:30,06:00,,,
LIUTC1S2,,,180,370,13:30,06:00,,,
LIUTC1S3,,,180,370,13:30,06:00,,,
LIUTC1S4,,,180,370,13:30,06:00,,,
LIUTC1S5,,,180,370,13:30,06:00,,,
LIUTC1S6,,,180,370,13:30,06:00,,,
LJNPZ1,,,125,660,13:30,06:00,"LJNPZ1A, LJNPZ1B, LJNPZ1C",,
LJNPZ2,,,125,660,13:30,06:00,LJNPZ2A,,
LKTRA10,,0,000,030,13:30,23:30,,,
LKTRA12Z,,0,000,050,13:30,23:30,LKTRA12ZR,,
LKTRA13Z,,0,000,050,13:30,23:30,LKTRA13ZR,,
LKTRA14Z,,0,000,125,13:30,14:00,LKTRA14ZR,,
LKTRA15Z,,0,000,125,13:30,14:00,LKTRA15ZR,,
LKTRA16Z,,0,050,125,13:30,14:00,LKTRA16ZR,,
LKTRA17,,0,000,035,13:30,14:00,,,
LKTRA18Z,,0,095,125,13:30,14:00,LKTRA18ZR,,
LKTRA30Z,,0,095,245,13:30,14:00,"LKTRA30ZRA, LKTRA30ZRB",,
LKTRA31Z,,0,010,245,13:30,14:00,LKTRA31ZR,,
LKTRA32Z,,0,050,245,13:30,14:00,LKTRA32ZR,,
LKTRA33Z,,0,050,245,13:30,14:00,LKTRA33ZR,,
LKTRA34Z,,0,050,245,13:30,14:00,LKTRA34ZR,,
LKTRA36Z,,0,125,245,13:30,14:00,LKTRA36ZR,,
LKTRA37Z,,0,095,420,14:00,15:00,LKTRA37ZR,,
LKTRA37Z,,0,095,660,13:30,14:00,LKTRA37ZR,,
LKTRA56Z,,0,010,125,13:30,21:00,LKTRA56ZR,,
LKTRA57Z,,0,030,125,13:30,21:00,LKTRA57ZR,,
LKTRA6,,0,000,010,13:30,22:00,LKTRA6R,,
LKTRA6,,0,000,095,13:30,20:00,LKTRA6R,,
LKTRA61,,0,000,030,13:30,15:00,,,
LKTRA62Z,,0,030,245,13:30,15:00,LKTRA62ZR,,
LKTRA63Z,,0,095,125,13:30,21:00,LKTRA63ZR,,
LKTRA71,,0,000,010,13:30,16:34,,,
LKTRA72,,0,000,030,13:30,16:34,,,
LKTRA73,,0,000,025,13:30,16:34,,,
LKTRA75Z,,0,095,245,14:00,15:00,LKTRA75ZR,,
LKTRA76,,0,010,075,13:30,15:00,LKTRA76R,,
LKTRA77Z,,0,010,245,13:30,15:00,LKTRA77ZRA,,
LKTRA78Z,,0,010,245,13:30,15:00,LKTRA78ZR,,
LKTRA79Z,,0,095,245,13:30,15:00,LKTRA79ZR,,
LKTSA20,,0,000,010,13:30,14:00,,,
LKTSA26,,0,000,010,13:30,15:00,,,
LKTSA27,,0,000,010,13:30,15:00,,,
LKTSA2B,,0,000,125,13:30,15:10,LKTSA2BR,,
LKTSA3A,,0,000,155,13:30,21:30,LKTSA3AR,,
LKTSA42Z,,0,095,225,13:30,16:20,LKTSA42ZR,,
LKTSA43Z,,0,095,225,13:30,16:20,LKTSA43ZR,,
LKTSA44Z,,0,095,235,13:30,16:20,LKTSA44ZR,,
LKTSA46Z,,0,095,215,13:30,16:20,LKTSA46ZR,,
LKTSA47Z,,0,095,195,13:30,16:20,LKTSA47ZR,,
LKTSA48Z,,0,095,235,13:30,16:20,LKTSA48ZR,,
LKTSA49Z,,0,095,185,13:30,16:20,LKTSA49ZR,,
LKTSA4B,,0,000,165,13:30,14:10,LKTSA4BR,,
LKTSA4C,,0,000,165,13:30,14:10,LKTSA4CR,,
LKTSA7B,,0,000,135,13:30,22:00,LKTSA7BR,,
LOD21,,,000,215,13:30,19:00,LOD21R,LOVV,
LOD22,,,000,075,13:30,16:00,LOD22R,LOVV,
LOD24,,,000,095,13:30,16:00,LOD24R,LOVV,
LOD25A,,,000,095,13:30,21:00,LOD25AR,LOVV,
LOD30,,,000,095,13:30,16:00,LOD30R,LOVV,
LOMTASHR,,,105,245,13:30,13:35,"LOMTASHRRA, LOMTASHRRB",LOVV,
LONPZ1,,,045,660,13:30,06:00,LONPZ1R,,
LONPZ2,,,065,660,13:30,06:00,LONPZ2R,,
LOR15,,,000,100,13:30,06:00,LOR15R,,
LPD25,,,055,140,13:30,18:00,,LPPC,
LPD28B,,,000,030,13:30,22:00,,LPPC,
LPD66,,,000,050,13:30,17:00,,LPPC,
LPD67,,,040,300,19:00,21:00,,LPPC,
LPNEVER,,,245,280,19:00,21:00,EUNEVER2A,LPPC,
LPR42B,,,100,245,19:00,21:00,,LPPC,
LPR42B,,,010,070,13:30,17:00,,LPPC,
LPR60B,,,245,500,13:30,21:30,,LPPC,
LPSNOW,,,245,280,19:00,21:00,"EUSNOW1A, EUSNOW1B",LPPC,
LPTRA54,,,000,245,19:00,21:00,LPTRA54R,LPPC,
LPTRA55,,,015,245,19:00,21:00,LPTRA55R,LPPC,
LQNPZ1,,,095,660,13:30,06:00,LQNPZ1R,,
LRD01,,,000,070,22:00,23:59,,LRBB,
LRD01,,,000,070,00:00,06:00,,LRBB,
LRP4,,,000,085,13:30,06:00,,,
LRR501,,,000,165,13:30,06:00,LRR501R,,
LRR502,,,165,405,13:30,06:00,LRR502R,,
LRR503,,,405,999,13:30,06:00,LRR503R,,
LRTRA1,,,285,460,13:30,15:00,,LRBB,
LRTRA10A,,,000,280,13:30,14:00,,LRBB,
LRTRA10A,,,000,280,14:00,18:00,,LRBB,
LRTRA11B,,,000,280,14:00,18:00,,LRBB,
LRTRA11B,,,000,280,13:30,14:00,,LRBB,
LRTRA16,,,285,460,13:30,15:00,,LRBB,
LRTRA19A,,,000,280,13:30,06:00,,LRBB,
LRTRA19B,,,000,280,13:30,06:00,,LRBB,
LRTRA20A,,,000,280,13:30,06:00,,LRBB,
LRTRA26,,,000,055,13:30,20:00,,LRBB,
LRTRA27,,,080,280,13:30,06:00,,LRBB,
LRTRA27,,,285,660,13:30,06:00,,LRBB,
LRTRA28,,,080,280,13:30,06:00,,LRBB,
LRTRA28,,,285,660,13:30,06:00,,LRBB,
LRTRA32,,,000,280,13:30,06:00,,LRBB,
LRTRA33,,,000,280,13:30,06:00,,LRBB,
LRTRA34,,,000,280,13:30,06:00,,LRBB,
LRTRA35,,,000,055,13:30,06:00,,LRBB,
LRTRA36,,,000,280,13:30,06:00,,LRBB,
LRTRA37,,,000,280,13:30,06:00,,LRBB,
LRTRA38,,,000,280,13:30,06:00,,LRBB,
LRTRA39,,,000,280,13:30,06:00,,LRBB,
LRTRA40,,,040,280,13:30,06:00,,LRBB,
LRTRA41,,,285,460,13:30,15:00,,LRBB,
LRTRA71,,,000,280,13:30,19:00,,LRBB,
LRTRA72A,,,000,280,13:30,19:00,,LRBB,
LRTRA74A,,,000,280,13:30,19:00,,LRBB,
LRTRA75A,,,000,280,13:30,19:00,,LRBB,
LRTRA76,,,000,035,13:30,20:00,,LRBB,
LRTRA77,,,025,075,13:30,20:00,,LRBB,
LRTRA84,,,285,460,13:30,15:00,,LRBB,
LRTSA59,,,000,025,13:30,14:00,,LRBB,
LST201,,,300,660,13:30,13:40,LST201R,,
LST201,,,300,660,14:50,16:00,LST201R,,
LST201Z,,,285,660,13:30,13:40,LST201ZR,,
LST201Z,,,285,660,14:50,16:00,LST201ZR,,
LST202,,,300,660,13:30,13:40,LST202R,,
LST202,,,300,660,14:50,16:00,LST202R,,
LST202Z,,,285,660,13:30,13:40,LST202ZR,,
LST202Z,,,285,660,14:50,16:00,LST202ZR,,
LST203,,,300,660,13:30,13:40,LST203R,,
LST203,,,300,660,14:50,16:00,LST203R,,
LST203Z,,,285,660,13:30,13:40,LST203ZR,,
LST203Z,,,285,660,14:50,16:00,LST203ZR,,
LST204,,,300,660,13:30,13:40,LST204R,,
LST204,,,300,660,14:50,16:00,LST204R,,
LST204Z,,,285,660,13:30,13:40,LST204ZR,,
LST204Z,,,285,660,14:50,16:00,LST204ZR,,
LST21,,,130,280,13:30,13:40,LST21R,,
LST21,,,130,280,14:50,16:00,LST21R,,
LST21Z,,,115,295,13:30,13:40,LST21ZR,,
LST21Z,,,115,295,14:50,16:00,LST21ZR,,
LST22,,,130,280,13:30,13:40,LST22R,,
LST22,,,130,280,14:50,16:00,LST22R,,
LST22Z,,,115,295,13:30,13:40,LST22ZR,,
LST22Z,,,115,295,14:50,16:00,LST22ZR,,
LST23,,,130,280,13:30,13:40,LST23R,,
LST23,,,130,280,14:50,16:00,LST23R,,
LST23Z,,,115,295,13:30,13:40,LST23ZR,,
LST23Z,,,115,295,14:50,16:00,LST23ZR,,
LST24,,,130,280,13:30,13:40,LST24R,,
LST24,,,130,280,14:50,16:00,LST24R,,
LST24Z,,,115,295,13:30,13:40,LST24ZR,,
LST24Z,,,115,295,14:50,16:00,LST24ZR,,
LST301,,,300,660,13:30,16:00,LST301R,,
LST301Z,,,285,660,13:30,16:00,LST301ZR,,
LST302,,,300,660,13:30,16:00,LST302R,,
LST302Z,,,285,660,13:30,16:00,LST302ZR,,
LST31,,,130,280,13:30,16:00,LST31R,,
LST31Z,,,115,295,13:30,16:00,LST31ZR,,
LST32,,,130,280,13:30,16:00,LST32R,,
LST32Z,,,115,295,13:30,16:00,LST32ZR,,
LST501,,,300,660,13:30,13:40,,,
LST501,,,300,660,14:50,16:00,,,
LST501Z,,,285,660,13:30,13:40,LST501ZR,,
LST501Z,,,285,660,14:50,16:00,LST501ZR,,
LST502,,,300,660,13:30,13:40,,,
LST502,,,300,660,14:50,16:00,,,
LST502Z,,,285,660,13:30,13:40,LST502ZR,,
LST502Z,,,285,660,14:50,16:00,LST502ZR,,
LST51,,,130,280,13:30,16:00,,,
LST51Z,,,115,295,13:30,16:00,LST51ZR,,
LST52,,,130,280,13:30,16:00,,,
LST52Z,,,115,295,13:30,16:00,LST52ZR,,
LST601,,,300,660,13:30,13:40,,,
LST601,,,300,660,14:50,16:00,,,
LST601Z,,,285,660,13:30,13:40,LST601ZR,,
LST601Z,,,285,660,14:50,16:00,LST601ZR,,
LST61,,,130,280,13:30,16:00,,,
LST61Z,,,115,295,13:30,16:00,LST61ZR,,
LYTSA02Z,,,125,330,13:30,14:00,"LYTSA02ZRA, LYTSA02ZRB",LYBA,LYBA
LYTSA03Z,,,160,330,13:30,16:00,"LYTSA03ZRA, LYTSA03ZRB",LYBA,LYBA
LYTSA11Z,,,145,660,13:30,14:00,"LYTSA11ZRA, LYTSA11ZRB",LYBA,LYBA
LZNPZ1,,,245,660,13:30,00:00,LZNPZ1R,,
LZNPZ1,,,245,660,00:00,06:00,LZNPZ1R,,
LZNPZ2,,,245,660,13:30,00:00,LZNPZ2R,,
LZNPZ2,,,245,660,00:00,06:00,LZNPZ2R,,
LZNPZ3,,,245,660,13:30,00:00,LZNPZ3R,,
LZNPZ3,,,245,660,00:00,06:00,LZNPZ3R,,
LZR01,,,020,050,13:30,00:00,,,
LZR01,,,020,050,00:00,06:00,,,
LZR02,,,035,050,13:30,00:00,,,
LZR02,,,035,050,00:00,06:00,,,
LZR222,,,000,155,13:30,17:00,,,
LZR225,,,000,080,13:30,00:00,,,
LZR225,,,000,080,00:00,06:00,,,
LZR225A,,,040,080,13:30,00:00,,,
LZR225A,,,040,080,00:00,06:00,,,
LZR225B,,,050,080,13:30,00:00,,,
LZR225B,,,050,080,00:00,06:00,,,
LZR225C,,,060,080,13:30,00:00,,,
LZR225C,,,060,080,00:00,06:00,,,
LZR314,,,000,050,13:30,00:00,,,
LZR314,,,000,050,00:00,06:00,,,
LZR315,,,000,050,13:30,00:00,,,
LZR315,,,000,050,00:00,06:00,,,
LZR415,,,050,080,13:30,00:00,,,
LZR415,,,050,080,00:00,06:00,,,
LZR60A,,,000,040,13:30,16:00,,,
LZR60B,,,000,040,13:30,16:00,,,
LZR60C,,,000,040,13:30,16:00,,,
LZR90A,,,000,050,13:30,20:00,,,
LZR90B,,,000,050,13:30,20:00,,,
LZR90C,,,000,050,13:30,20:00,,,
LZTRA03,,,050,125,13:30,06:00,,,
LZTRA06A,,,040,135,13:30,16:00,LZTRA06AR,,
LZTRA06B,,,040,245,13:30,16:00,LZTRA06BR,,
LZTRA06C,,,040,135,13:30,16:00,,,
LZTRA100A,,,050,080,13:30,20:00,,,
LZTRA100B,,,050,080,13:30,20:00,,,
LZTRA100C,,,050,080,13:30,20:00,,,
UKD915T,,A0463/22,000,275,05:00,06:00,UKD915TR,UKFV,UKBV
UKD915T,,A0463/22,000,275,13:30,17:00,UKD915TR,UKFV,UKBV
UKD915TZ,,A0470/22,275,999,13:30,17:00,UKD915TZR,,UKBV
UKD915TZ,,A0470/22,275,999,05:00,06:00,UKD915TZR,,UKBV
UKD916T,,A0464/22,000,275,02:00,06:00,UKD916TR,UKFV,UKBV
UKD916T,,A0464/22,000,275,13:30,00:00,UKD916TR,UKFV,UKBV
UKD916TZ,,A0471/22,275,315,13:30,00:00,UKD916TZR,,UKBV
UKD916TZ,,A0471/22,275,315,02:00,06:00,UKD916TZR,,UKBV
UKD918T,,A0480/22,185,275,13:30,00:00,UKD918TR,UKFV,UKBV
UKD918T,,A0480/22,185,275,02:00,06:00,UKD918TR,UKFV,UKBV
UKD923TZ,,A0483/22,375,999,13:30,00:00,UKD923TZR,,UKBV
UKD923TZ,,A0483/22,375,999,02:00,06:00,UKD923TZR,,UKBV
UKP35,,,000,999,13:30,06:00,UKP35R,,
UKP35Z,,,275,999,13:30,06:00,UKP35ZR,,
UKP36,,,000,999,13:30,06:00,UKP36R,,
UKP36Z,,,275,999,13:30,06:00,UKP36ZR,,
UKR308,,,000,085,13:30,14:00,,UKDV,
UKR311,,,000,095,13:30,18:00,,UKLV,
UKR401,,,000,165,13:30,18:00,,UKBV,
UKR402,,,000,165,13:30,22:00,,UKBV,
UKR408,,,000,095,13:30,23:00,,UKFV,
UKR411,,,000,155,13:30,06:00,,UKLV,
UKR415,,,000,195,13:30,22:00,,UKOV,
UKR440,,,000,075,13:30,21:00,,UKBV,
UKR440,,,000,075,00:00,06:00,,UKBV,
UKR443,,,000,055,13:30,20:00,,UKBV,
UKR444,,,000,075,13:30,18:00,,UKLV,
UKR447,,,000,025,13:30,20:00,,UKBV,
UKT504A,,,000,025,13:30,15:10,,UKDV,
UKT504B,,,000,105,13:30,15:10,,UKDV,
UKT703C,,,020,175,13:30,21:00,,UKBV,
UKT707A,,,000,145,13:30,15:10,,UKDV,
UKT723A,,,000,215,13:30,21:00,,UKOV,
UKT723E,,,000,065,13:30,21:00,,UKOV,
UKT723G,,,000,065,13:30,21:00,,UKOV,
UKT723H,,,000,115,13:30,21:00,,UKOV,
UKT724A,,,000,255,13:30,15:00,,UKLV,
UKT724B,,,000,255,13:30,15:00,,UKLV,
UKT724C,,,000,255,13:30,15:00,,UKLV,
UKT724D,,,000,255,13:30,18:00,,UKLV,
UKT724E,,,000,255,13:30,18:00,,UKLV,
UKT724F,,,000,255,13:30,18:00,,UKLV,
UKT726A,,A5127/21,000,115,13:30,06:00,,"UKDV, UKFV",
UKT726B,,A5129/21,000,115,13:30,06:00,,"UKDV, UKFV",
UKT726C,,,010,115,13:30,19:00,,UKFV,
UKT727A,,,000,155,13:30,15:00,,"UKBV, UKDV",
UKT730A,,,000,085,13:30,18:00,,UKBV,
UKT730B,,,000,255,13:30,18:00,,UKBV,
UKT730C,,,000,275,13:30,18:00,,UKBV,UKBV
UKT730CZ,,,275,355,13:30,18:00,UKT730CZR,,UKBV
UKT730D,,,000,275,13:30,18:00,,UKBV,UKBV
UKT730DZ,,,275,325,13:30,18:00,UKT730DZR,,UKBV
UKT730E,,,000,255,13:30,18:00,,UKBV,
UKT730F,,,000,255,13:30,18:00,,UKBV,
UKT730H,,,000,235,13:30,18:00,,UKBV,
UKT735A,,,000,245,13:30,18:00,,"UKBV, UKLV",
UKT735B,,,000,245,13:30,18:00,,"UKBV, UKLV",
UKT739A,,A5131/21,000,155,13:30,06:00,,UKDV,
UKT739C,,A5132/21,000,155,13:30,06:00,,UKDV,
UKT739D,,A5133/21,000,155,13:30,06:00,,UKDV,
UKT739E,,A5134/21,000,155,13:30,06:00,,UKDV,
UKT739F,,A5135/21,000,155,13:30,06:00,,UKDV,
UKT804A,,,000,045,13:30,15:30,,UKOV,
UKT808A,,,000,035,13:30,15:50,,UKLV,
UKT809,,,000,065,13:30,17:00,,UKBV,
UKT817A,,,000,055,13:30,15:30,,UKDV,
UKT838,,,000,055,13:30,15:35,,UKBV,
UKT845B,,,000,035,13:30,15:20,,UKBV,
UKT863A,,,000,055,13:30,23:50,,"UKBV, UKDV",
UKT863B,,,000,055,13:30,23:50,,UKBV,
UKT867A,,,000,075,13:30,15:50,,UKLV,
,,,,,,,,,
